{
  "accuracy": 0.5453016755276301,
  "f1_macro": 0.44719558816689914,
  "mse_home": 0.21776214241981506,
  "mae_home": 0.32609525322914124,
  "r2_home": 0.11686098575592041,
  "mse_away": 0.22760111093521118,
  "mae_away": 0.35591739416122437,
  "r2_away": -0.07928824424743652
}