{
  "mse_home": 1.375440820841173,
  "mae_home": 0.9298130771849737,
  "r2_home": 0.17147136093941417,
  "mse_away": 1.0939885822701347,
  "mae_away": 0.8202077056305354,
  "r2_away": 0.14544155009672732,
  "accuracy": 0.528282920588504,
  "f1_macro": 0.38963559164102124
}