{
  "accuracy": 0.9638311583695828,
  "f1_macro": 0.9615059280725307,
  "mse_home": 0.03422714024782181,
  "mae_home": 0.12290629744529724,
  "r2_home": 0.8376498818397522,
  "mse_away": 0.04117016866803169,
  "mae_away": 0.1476946473121643,
  "r2_away": 0.8330111503601074
}